Workbook

Sheet Guía
A1: Matriz de casos de prueba — Evento Cultural
A3: Propósito | B3: Catálogo inicial de casos planificados para Fase 2. No representa resultados ejecutados.
A4: Supuesto solicitado | B4: La integración con Supabase se considera disponible para diseñar los casos.
A5: Maps | B5: Los casos están incluidos, pero su dependencia queda marcada como pendiente hasta configurar proveedor y clave API.
A6: Cómo usar | B6: Filtrar por subplan, prioridad, requisito o responsable; registrar cada ejecución en la hoja Ejecuciones y los hallazgos en Defectos.
A7: Campos editables | B7: Estado de ejecución, Resultado obtenido, Evidencia, Fecha de ejecución y Observaciones.
A8: Evidencia | B8: Usar enlaces a Actions, capturas, logs sanitizados, consultas o actas. Nunca pegar secretos ni datos personales.
A9: Estados | B9: No ejecutado, En ejecución, Aprobado, Fallido, Bloqueado o No aplica.
A10: Casos incluidos | B10: ='Resumen'!B3 -> 170
A11: Fuente | B11: Requerimientos MoSCoW Fase 2, historias HU-01 a HU-15 y arquitectura documentada del proyecto.

Sheet Casos de prueba
A1: ID | B1: Subplan | C1: Componente | D1: Tipo de prueba | E1: Nivel | F1: Prioridad | G1: Requisitos / HU | H1: Objetivo | I1: Precondiciones | J1: Datos de prueba | K1: Pasos | L1: Resultado esperado | M1: Automatizable | N1: Dependencia | O1: Responsable sugerido | P1: Estado de ejecución | Q1: Resultado obtenido | R1: Evidencia | S1: Fecha de ejecución | T1: Observaciones
A2: CP-SRC-001 | B2: PP-01 | C2: Scraper / conectores | D2: Funcional y resiliencia | E2: Componente | F2: Alta | G2: RF-11, RNF-08 | H2: Extraer una ficha HTML válida | I2: Fixtures y configuración de una fuente disponibles | J2: HTML válido de agenda municipal | K2: 1. Preparar: HTML válido de agenda municipal. 2. Ejecutar la operación asociada a: extraer una ficha html válida. 3. Comparar la salida, persistencia, interfaz o log con el resultado esperado. | L2: Se genera un evento canónico con título, fecha, ubicación y URL de origen. | M2: Sí | N2: Conectores y red disponibles | O2: Responsable del scraper | P2: No ejecutado
A3: CP-SRC-002 | B3: PP-01 | C3: Scraper / conectores | D3: Funcional y resiliencia | E3: Componente | F3: Alta | G3: RF-11, RNF-07 | H3: Recorrer todas las páginas de una fuente paginada | I3: Fixtures y configuración de una fuente disponibles | J3: Fuente simulada de 30 páginas | K3: 1. Preparar: Fuente simulada de 30 páginas. 2. Ejecutar la operación asociada a: recorrer todas las páginas de una fuente paginada. 3. Comparar la salida, persistencia, interfaz o log con el resultado esperado. | L3: Se procesan todas las páginas sin omitir ni duplicar fichas. | M3: Sí | N3: Conectores y red disponibles | O3: Responsable del scraper | P3: No ejecutado
A4: CP-SRC-003 | B4: PP-01 | C4: Scraper / conectores | D4: Funcional y resiliencia | E4: Componente | F4: Alta | G4: RF-11, RNF-07 | H4: Procesar una API REST paginada | I4: Fixtures y configuración de una fuente disponibles | J4: Respuestas REST con next/page | K4: 1. Preparar: Respuestas REST con next/page. 2. Ejecutar la operación asociada a: procesar una api rest paginada. 3. Comparar la salida, persistencia, interfaz o log con el resultado esperado. | L4: El conector respeta paginación y termina al agotar resultados. | M4: Sí | N4: Conectores y red disponibles | O4: Responsable del scraper | P4: No ejecutado
A5: CP-SRC-004 | B5: PP-01 | C5: Scraper / conectores | D5: Funcional y resiliencia | E5: Componente | F5: Alta | G5: RF-11 | H5: Procesar un calendario iCalendar | I5: Fixtures y configuración de una fuente disponibles | J5: Archivo ICS y URL webcal | K5: 1. Preparar: Archivo ICS y URL webcal. 2. Ejecutar la operación asociada a: procesar un calendario icalendar. 3. Comparar la salida, persistencia, interfaz o log con el resultado esperado. | L5: Los eventos se convierten al modelo canónico y webcal se normaliza a HTTPS cuando corresponda. | M5: Sí | N5: Conectores y red disponibles | O5: Responsable del scraper | P5: No ejecutado
A6: CP-SRC-005 | B6: PP-01 | C6: Scraper / conectores | D6: Funcional y resiliencia | E6: Componente | F6: Alta | G6: RF-11 | H6: Procesar contenido generado dinámicamente | I6: Fixtures y configuración de una fuente disponibles | J6: Página de prueba con renderizado JavaScript | K6: 1. Preparar: Página de prueba con renderizado JavaScript. 2. Ejecutar la operación asociada a: procesar contenido generado dinámicamente. 3. Comparar la salida, persistencia, interfaz o log con el resultado esperado. | L6: La navegación obtiene las tarjetas y libera correctamente el navegador. | M6: Sí | N6: Conectores y red disponibles | O6: Responsable del scraper | P6: No ejecutado
A7: CP-SRC-006 | B7: PP-01 | C7: Scraper / conectores | D7: Funcional y resiliencia | E7: Componente | F7: Alta | G7: RNF-06, RNF-07 | H7: Aislar una fuente que responde HTTP 403 | I7: Fixtures y configuración de una fuente disponibles | J7: Respuesta 403 | K7: 1. Preparar: Respuesta 403. 2. Ejecutar la operación asociada a: aislar una fuente que responde http 403. 3. Comparar la salida, persistencia, interfaz o log con el resultado esperado. | L7: La fuente se registra como fallida y las demás continúan. | M7: Sí | N7: Conectores y red disponibles | O7: Responsable del scraper | P7: No ejecutado
A8: CP-SRC-007 | B8: PP-01 | C8: Scraper / conectores | D8: Funcional y resiliencia | E8: Componente | F8: Alta | G8: HU-12, RF-11 | H8: Descartar una ficha HTTP 404 | I8: Fixtures y configuración de una fuente disponibles | J8: URL de detalle 404 | K8: 1. Preparar: URL de detalle 404. 2. Ejecutar la operación asociada a: descartar una ficha http 404. 3. Comparar la salida, persistencia, interfaz o log con el resultado esperado. | L8: La ficha inexistente no se publica y queda evidencia sanitizada del fallo. | M8: Sí | N8: Conectores y red disponibles | O8: Responsable del scraper | P8: No ejecutado
A9: CP-SRC-008 | B9: PP-01 | C9: Scraper / conectores | D9: Funcional y resiliencia | E9: Componente | F9: Alta | G9: RNF-06 | H9: Reintentar una respuesta HTTP 429 | I9: Fixtures y configuración de una fuente disponibles | J9: Secuencia 429, 429, 200 | K9: 1. Preparar: Secuencia 429, 429, 200. 2. Ejecutar la operación asociada a: reintentar una respuesta http 429. 3. Comparar la salida, persistencia, interfaz o log con el resultado esperado. | L9: Se respeta Retry-After o backoff y no se excede el máximo configurado. | M9: Sí | N9: Conectores y red disponibles | O9: Responsable del scraper | P9: No ejecutado
A10: CP-SRC-009 | B10: PP-01 | C10: Scraper / conectores | D10: Funcional y resiliencia | E10: Componente | F10: Alta | G10: RNF-06 | H10: Manejar timeout de una fuente | I10: Fixtures y configuración de una fuente disponibles | J10: Servidor que excede el timeout | K10: 1. Preparar: Servidor que excede el timeout. 2. Ejecutar la operación asociada a: manejar timeout de una fuente. 3. Comparar la salida, persistencia, interfaz o log con el resultado esperado. | L10: El timeout se registra, se aplica la política de reintento y el pipeline continúa. | M10: Sí | N10: Conectores y red disponibles | O10: Responsable del scraper | P10: No ejecutado
A11: CP-SRC-010 | B11: PP-01 | C11: Scraper / conectores | D11: Funcional y resiliencia | E11: Componente | F11: Alta | G11: RNF-06 | H11: Manejar una fuente sin eventos | I11: Fixtures y configuración de una fuente disponibles | J11: Página válida sin tarjetas | K11: 1. Preparar: Página válida sin tarjetas. 2. Ejecutar la operación asociada a: manejar una fuente sin eventos. 3. Comparar la salida, persistencia, interfaz o log con el resultado esperado. | L11: La ejecución termina sin error y diferencia cero eventos de un fallo técnico. | M11: Sí | N11: Conectores y red disponibles | O11: Responsable del scraper | P11: No ejecutado
A12: CP-SRC-011 | B12: PP-01 | C12: Scraper / conectores | D12: Funcional y resiliencia | E12: Componente | F12: Alta | G12: RNF-09 | H12: Detectar cambio incompatible del HTML | I12: Fixtures y configuración de una fuente disponibles | J12: Fixture con estructura modificada | K12: 1. Preparar: Fixture con estructura modificada. 2. Ejecutar la operación asociada a: detectar cambio incompatible del html. 3. Comparar la salida, persistencia, interfaz o log con el resultado esperado. | L12: El conector falla de forma controlada y registra la ausencia de selectores esperados. | M12: Sí | N12: Conectores y red disponibles | O12: Responsable del scraper | P12: No ejecutado
A13: CP-SRC-012 | B13: PP-01 | C13: Scraper / conectores | D13: Funcional y resiliencia | E13: Componente | F13: Alta | G13: RNF-08 | H13: Evitar enlaces externos ajenos al evento | I13: Fixtures y configuración de una fuente disponibles | J13: Página con navegación, redes y enlaces de eventos | K13: 1. Preparar: Página con navegación, redes y enlaces de eventos. 2. Ejecutar la operación asociada a: evitar enlaces externos ajenos al evento. 3. Comparar la salida, persistencia, interfaz o log con el resultado esperado. | L13: Solo se siguen fichas pertenecientes al patrón configurado. | M13: Sí | N13: Conectores y red disponibles | O13: Responsable del scraper | P13: No ejecutado
... A171: CP-DEP-006 | B171: PP-16 | C171: Despliegue y portabilidad | D171: Despliegue / recuperación | E171: Sistema | F171: Alta | G171: RNF-09, RNF-11 | H171: Validar documentación de variables | I171: Repositorio limpio y variables documentadas | J171: Datos sintéticos representativos | K171: 1. Preparar: Datos sintéticos representativos. 2. Ejecutar la operación asociada a: validar documentación de variables. 3. Comparar la salida, persistencia, interfaz o log con el resultado esperado. | L171: Cada variable requerida tiene nombre, propósito y ejemplo no sensible. | M171: Sí | N171: Infraestructura de prueba disponible | O171: Equipo completo | P171: No ejecutado

Sheet Resumen
A1: Resumen de la matriz
A3: Total de casos | B3: =COUNTA('Casos de prueba'!A:A)-1 -> 170
A5: Estado | B5: Cantidad | D5: Prioridad | E5: Cantidad
A6: No ejecutado | B6: =COUNTIF('Casos de prueba'!P:P,A6) -> 170 | D6: Crítica | E6: =COUNTIF('Casos de prueba'!F:F,D6) -> 0
A7: En ejecución | B7: =COUNTIF('Casos de prueba'!P:P,A7) -> 0 | D7: Alta | E7: =COUNTIF('Casos de prueba'!F:F,D7) -> 167
A8: Aprobado | B8: =COUNTIF('Casos de prueba'!P:P,A8) -> 0 | D8: Media | E8: =COUNTIF('Casos de prueba'!F:F,D8) -> 3
A9: Fallido | B9: =COUNTIF('Casos de prueba'!P:P,A9) -> 0 | D9: Baja | E9: =COUNTIF('Casos de prueba'!F:F,D9) -> 0
A10: Bloqueado | B10: =COUNTIF('Casos de prueba'!P:P,A10) -> 0
A11: No aplica | B11: =COUNTIF('Casos de prueba'!P:P,A11) -> 0
A14: Subplan | B14: Cantidad
A15: PP-01 | B15: =COUNTIF('Casos de prueba'!B:B,A15) -> 14
A16: PP-02 | B16: =COUNTIF('Casos de prueba'!B:B,A16) -> 14
A17: PP-03 | B17: =COUNTIF('Casos de prueba'!B:B,A17) -> 12
A18: PP-04 | B18: =COUNTIF('Casos de prueba'!B:B,A18) -> 10
A19: PP-05 | B19: =COUNTIF('Casos de prueba'!B:B,A19) -> 8
A20: PP-06 | B20: =COUNTIF('Casos de prueba'!B:B,A20) -> 16
A21: PP-07 | B21: =COUNTIF('Casos de prueba'!B:B,A21) -> 10
A22: PP-08 | B22: =COUNTIF('Casos de prueba'!B:B,A22) -> 18
A23: PP-09 | B23: =COUNTIF('Casos de prueba'!B:B,A23) -> 8
A24: PP-10 | B24: =COUNTIF('Casos de prueba'!B:B,A24) -> 8
A25: PP-11 | B25: =COUNTIF('Casos de prueba'!B:B,A25) -> 10
A26: PP-12 | B26: =COUNTIF('Casos de prueba'!B:B,A26) -> 8
... A30: PP-16 | B30: =COUNTIF('Casos de prueba'!B:B,A30) -> 6

Sheet Ejecuciones
A1: ID ejecución | B1: ID caso | C1: Versión / commit | D1: Entorno | E1: Ejecutor | F1: Fecha y hora | G1: Resultado | H1: Duración | I1: Evidencia | J1: Observaciones
A2: EJ-0001 (ejemplo) | B2: CP-FE-001 | C2: commit-ejemplo | D2: Integración | E2: QA | F2: 2026-09-29 10:00 | G2: Aprobado | H2: 00:01:12 | I2: URL o ruta de evidencia | J2: Fila de ejemplo; reemplazar o eliminar al comenzar las ejecuciones reales.

Sheet Defectos
A1: ID defecto | B1: Título | C1: Caso origen | D1: Componente | E1: Severidad | F1: Prioridad | G1: Estado | H1: Entorno | I1: Pasos de reproducción | J1: Resultado esperado | K1: Resultado observado | L1: Responsable | M1: Evidencia | N1: Fecha apertura | O1: Fecha cierre
A2: DEF-0001 (ejemplo) | B2: Ejemplo: filtro no conserva la comuna | C2: CP-FE-009 | D2: Frontend | E2: Media | F2: Alta | G2: Nuevo | H2: Integración | I2: 1. Elegir región. 2. Elegir comuna. 3. Volver desde detalle. | J2: La comuna continúa aplicada. | K2: La selección se limpia. | L2: Frontend / UX | M2: URL o captura | N2: 2026-09-29

Sheet Catálogos
A1: Prioridad | B1: Estado | C1: Automatizable | D1: Resultado ejecución | E1: Severidad | F1: Estado defecto
A2: Crítica | B2: No ejecutado | C2: Sí | D2: Aprobado | E2: Crítica | F2: Nuevo
A3: Alta | B3: En ejecución | C3: Parcial | D3: Fallido | E3: Alta | F3: En análisis
A4: Media | B4: Aprobado | C4: No | D4: Bloqueado | E4: Media | F4: En corrección
A5: Baja | B5: Fallido | D5: No aplica | E5: Baja | F5: Listo para revalidar
B6: Bloqueado | F6: Cerrado
B7: No aplica | F7: Rechazado
